Project,Price,Year,Month,Lease,FloorSqm
CAVAN SUITES,682699,2012,12,Freehold,31.0002
CITY LOFT,479698,2011,11,Freehold,33.0003
LOFT @ STEVENS,814498,2013,3,Freehold,33.0003
ESPADA,1.00E+06,2012,4,Freehold,33.0003
SKYSUITES17,654168,2013,5,Freehold,34.0003
SUITES AT BUKIT TIMAH,692009,2013,11,Freehold,35.0003
ESPADA,1.10E+06,2012,5,Freehold,35.0003
THE AXIS,500507,2009,2,Freehold,37.0003
NOTTINGHILL SUITES,717796,2013,12,Freehold,37.0003
VIVACE,858062,2012,3,Leasehold,37.0003
28 RC SUITES,756769,2016,2,Freehold,38.0003
ROBIN RESIDENCES,1.10E+06,2018,1,Freehold,38.0003
WILKIE 80,744695,2010,2,Freehold,39.0003
STURDEE RESIDENCES,784695,2018,5,Leasehold,39.0003
FIFTY-TWO STEVENS,881995,2012,4,Freehold,39.0003
URBAN LOFTS,565034,2010,9,Freehold,40.0003
SUITES AT BUKIT TIMAH,773694,2014,3,Freehold,40.0003
LOFT@HOLLAND,861594,2013,2,Freehold,40.0003
8 BASSEIN,917194,2014,5,Freehold,40.0003
NATURA@HILLVIEW,656593,2014,5,Freehold,41.0003
ILLUMINAIRE ON DEVONSHIRE,824693,2011,5,Freehold,41.0003
VIVACE,979644,2012,4,Leasehold,41.0003
NATURA@HILLVIEW,656893,2014,8,Freehold,42.0003
NATURA@HILLVIEW,703693,2014,10,Freehold,42.0003
CITY SUITES,891693,2015,8,Freehold,42.0003
VIVACE,966693,2011,11,Leasehold,42.0003
TYRWHITT 139,530390,2009,6,Freehold,43.0003
LAUREL TREE,672642,2015,9,Freehold,43.0003
LAUREL TREE,697692,2015,5,Freehold,43.0003
HILLION RESIDENCES,746692,2015,4,Leasehold,43.0003
HILLION RESIDENCES,814692,2015,4,Leasehold,43.0003
LINCOLN SUITES,1.00E+06,2012,1,Freehold,43.0003
ROBIN SUITES,1.20E+06,2015,2,Freehold,43.0003
THE PLAZA,578692,2012,6,Leasehold,44.0003
PARC SOPHIA,783692,2010,7,Freehold,44.0003
PARC SOPHIA,843692,2010,8,Freehold,44.0003
ROBERTSON EDGE,1.00E+06,2014,12,Leasehold,44.0003
ZEDGE,691691,2010,6,Freehold,45.0004
ONE DUSUN RESIDENCES,825591,2014,9,Freehold,45.0004
ONE DUSUN RESIDENCES,943291,2014,9,Freehold,45.0004
VIZ AT HOLLAND,619690,2009,6,Freehold,46.0004
VIZ AT HOLLAND,741690,2010,7,Freehold,46.0004
ESTILO,960591,2009,9,Freehold,46.0004
DEVONSHIRE RESIDENCES,1.30E+06,2013,4,Freehold,46.0004
CITIGATE RESIDENCE,608941,2010,6,Freehold,47.0004
ECO SANCTUARY,739540,2015,1,Leasehold,47.0004
THE HILLIER,839131,2014,2,Leasehold,47.0004
HIGHLINE RESIDENCES,992690,2016,10,Leasehold,47.0004
DEVONSHIRE 12,1.20E+06,2015,8,Freehold,47.0004
DEVONSHIRE RESIDENCES,1.40E+06,2013,5,Freehold,47.0004
THE HILLIER,681120,2014,1,Leasehold,48.0004
KINGSFORD . HILLVIEW PEAK,764689,2017,11,Leasehold,48.0004
KINGSFORD . HILLVIEW PEAK,782689,2017,8,Leasehold,48.0004
THE HILLIER,865876,2014,3,Leasehold,48.0004
VIDA,1.10E+06,2009,6,Freehold,48.0004
VIDA,1.30E+06,2012,12,Freehold,48.0004
MILL POINT,748689,2010,10,Leasehold,49.0004
KINGSFORD . HILLVIEW PEAK,778815,2017,7,Leasehold,49.0004
URBAN LOFTS,801689,2014,10,Freehold,49.0004
ONE DUSUN RESIDENCES,846389,2014,9,Freehold,49.0004
ONE DUSUN RESIDENCES,946089,2014,9,Freehold,49.0004
MILL POINT,1.10E+06,2014,12,Leasehold,49.0004
VIDA,1.30E+06,2011,8,Freehold,49.0004
LIV ON WILKIE,1.40E+06,2015,11,Freehold,49.0004
SUITES @ OWEN,596688,2010,3,Freehold,50.0004
MACKENZIE 88,741056,2009,7,Freehold,50.0004
SUITES @ SHREWSBURY,793688,2012,6,Freehold,50.0004
KAP RESIDENCES,1.00E+06,2015,6,Freehold,50.0004
NOVENA REGENCY,1.30E+06,2015,4,Freehold,50.0004
ROBIN SUITES,1.40E+06,2015,5,Freehold,50.0004
THE HILLIER,735189,2014,1,Leasehold,51.0004
PARC SOPHIA,843687,2010,9,Freehold,51.0004
PARC EMILY,1.10E+06,2012,5,Freehold,51.0004
OUE TWIN PEAKS,1.30E+06,2018,4,Leasehold,51.0004
OUE TWIN PEAKS,1.50E+06,2018,5,Leasehold,51.0004
THE LAURELS,1.80E+06,2012,5,Freehold,51.0004
THE MEZZO,630687,2011,5,Freehold,52.0004
CUBE 8,816887,2012,2,Freehold,52.0004
HERTFORD COLLECTION,873687,2017,4,Freehold,52.0004
MOUNT SOPHIA SUITES,984247,2010,5,Freehold,52.0004
CITYLIGHTS,1.10E+06,2013,10,Leasehold,52.0004
1919,1.20E+06,2014,7,Freehold,52.0004
DUO RESIDENCES,1.40E+06,2015,12,Leasehold,52.0004
26 NEWTON,1.50E+06,2018,3,Freehold,52.0004
HILLSTA,676686,2014,12,Leasehold,53.0004
THE ANSLEY,731686,2010,3,Freehold,53.0004
CITIGATE RESIDENCE,828686,2017,3,Freehold,53.0004
MIRAGE TOWER,891686,2012,5,Freehold,53.0004
OKIO,940086,2013,6,Freehold,53.0004
STURDEE RESIDENCES,979386,2018,4,Leasehold,53.0004
MIRAGE TOWER,1.00E+06,2014,3,Freehold,53.0004
THE CASCADIA,1.10E+06,2014,4,Freehold,53.0004
VIVACE,1.40E+06,2015,4,Leasehold,53.0004
THE METZ,1.60E+06,2016,11,Freehold,53.0004
SUITES 123,651686,2010,7,Freehold,54.0004
SOLEIL @ SINARAN,805686,2009,9,Leasehold,54.0004
PINNACLE 16,893686,2012,12,Freehold,54.0004
PARC EMILY,953686,2011,11,Freehold,54.0004
WATERSCAPE AT CAVENAGH,1.10E+06,2012,3,Freehold,54.0004
THE BOUTIQ,1.50E+06,2013,6,Freehold,54.0004
THE HILLIER,759705,2014,2,Leasehold,55.0004
PARC EMILY,873685,2011,8,Freehold,55.0004
D'LEEDON,940285,2013,4,Leasehold,55.0004
MARTIN PLACE RESIDENCES,1.00E+06,2011,6,Freehold,55.0004
DUO RESIDENCES,1.20E+06,2015,12,Leasehold,55.0004
CAIRNHILL NINE,1.60E+06,2018,3,Leasehold,55.0004
KINGSFORD . HILLVIEW PEAK,775684,2017,8,Leasehold,56.0004
FORTE SUITES,1.10E+06,2017,7,Freehold,56.0004
SUITES @ NEWTON,1.40E+06,2013,12,Freehold,56.0004
SOL ACRES,593684,2018,2,Leasehold,57.0005
THE TENNERY,747196,2013,2,Leasehold,57.0005
ATTITUDE AT KIM YAM,783684,2011,5,Leasehold,57.0005
THE TENNERY,814476,2013,1,Leasehold,57.0005
THE HILLIER,843500,2014,2,Leasehold,57.0005
NOTTINGHILL SUITES,886784,2014,4,Freehold,57.0005
THE SKYWOODS,947984,2015,10,Leasehold,57.0005
NEWTON 18,1.10E+06,2009,8,Freehold,57.0005
THE OXLEY,1.20E+06,2013,9,Freehold,57.0005
L'VIV,1.30E+06,2012,3,Freehold,57.0005
THE SAIL @ MARINA BAY,1.50E+06,2016,6,Leasehold,57.0005
THE SAIL @ MARINA BAY,1.70E+06,2013,4,Leasehold,57.0005
LUCIDA,791283,2011,3,Freehold,58.0005
THE HILLIER,835043,2014,1,Leasehold,58.0005
THE HILLIER,876074,2014,2,Leasehold,58.0005
THE SKYWOODS,919393,2015,9,Leasehold,58.0005
THE HILLIER,996162,2014,1,Leasehold,58.0005
WHARTON VALE,1.20E+06,2016,9,Freehold,58.0005
THE SCOTTS TOWER,2.10E+06,2014,1,Leasehold,58.0005
SCOTTS SQUARE,2.60E+06,2009,8,Freehold,58.0005
MULBERRY TREE,846683,2011,5,Freehold,59.0005
LE SOMME,933683,2017,1,Freehold,59.0005
D'LEEDON,1.00E+06,2012,12,Leasehold,59.0005
D'LEEDON,1.10E+06,2013,7,Leasehold,59.0005
D'LEEDON,1.20E+06,2013,3,Leasehold,59.0005
THE SUITES AT CENTRAL,1.20E+06,2009,6,Freehold,59.0005
ROBIN RESIDENCES,1.50E+06,2018,4,Freehold,59.0005
URBAN LOFTS,718390,2010,9,Freehold,60.0005
D'LEEDON,1.00E+06,2012,12,Leasehold,60.0005
DUO RESIDENCES,1.40E+06,2015,12,Leasehold,60.0005
DUO RESIDENCES,1.60E+06,2016,1,Leasehold,60.0005
THE SCOTTS TOWER,2.20E+06,2014,1,Leasehold,60.0005
NOVENA HILL,861681,2013,3,Freehold,61.0005
ONE DUSUN RESIDENCES,1.00E+06,2014,9,Freehold,61.0005
GLOUCESTER MANSIONS,1.10E+06,2013,1,Freehold,61.0005
STURDEE RESIDENCES,1.20E+06,2018,4,Leasehold,61.0005
L'VIV,1.40E+06,2012,5,Freehold,61.0005
SUITES 123,721681,2010,7,Freehold,62.0005
PARC SOPHIA,845181,2011,4,Freehold,62.0005
ECO SANCTUARY,887591,2015,4,Leasehold,62.0005
HERTFORD COLLECTION,961681,2014,6,Freehold,62.0005
PARC SOPHIA,1.10E+06,2010,7,Freehold,62.0005
DUO RESIDENCES,1.30E+06,2015,12,Leasehold,62.0005
ESPADA,1.90E+06,2016,8,Freehold,62.0005
OXFORD SUITES,654180,2009,5,Freehold,63.0005
CITYLIGHTS,923680,2011,6,Leasehold,63.0005
THE HILLIER,998803,2014,3,Leasehold,63.0005
ROBERTSON 100,1.10E+06,2012,9,Freehold,63.0005
CITYLIGHTS,1.20E+06,2017,6,Leasehold,63.0005
THE SAIL @ MARINA BAY,1.40E+06,2014,10,Leasehold,63.0005
LIV ON SOPHIA,1.60E+06,2015,7,Freehold,63.0005
ASCENT @ 456,1.10E+06,2016,5,Freehold,64.0005
368 THOMSON,1.10E+06,2012,8,Freehold,64.0005
CITY GATE,1.30E+06,2016,8,Leasehold,64.0005
ADRIA,1.40E+06,2012,9,Freehold,64.0005
ESPADA,1.60E+06,2011,12,Freehold,64.0005
THE SAIL @ MARINA BAY,1.80E+06,2012,6,Leasehold,64.0005
ZEDGE,829679,2010,6,Freehold,65.0005
VISIONCREST,1.20E+06,2011,5,Freehold,65.0005
SOPHIA HILLS,1.30E+06,2017,6,Leasehold,65.0005
WATERSCAPE AT CAVENAGH,1.40E+06,2012,3,Freehold,65.0005
SKYPARK,1.50E+06,2009,4,Freehold,65.0005
NOVENA HILL,728678,2010,8,Freehold,66.0005
MACKENZIE 88,968812,2009,7,Freehold,66.0005
HILLION RESIDENCES,1.00E+06,2015,4,Leasehold,66.0005
HILLION RESIDENCES,1.00E+06,2015,4,Leasehold,66.0005
HILLION RESIDENCES,1.10E+06,2015,4,Leasehold,66.0005
DUO RESIDENCES,1.20E+06,2015,12,Leasehold,66.0005
CITY GATE,1.50E+06,2017,6,Leasehold,66.0005
RIVER PLACE,923678,2012,6,Leasehold,67.0005
RISING SUITES,1.10E+06,2009,12,Freehold,67.0005
ILLUMINAIRE ON DEVONSHIRE,1.30E+06,2011,5,Freehold,67.0005
ONE OXLEY RISE,1.50E+06,2009,7,Freehold,67.0005
ESPADA,2.00E+06,2016,5,Freehold,67.0005
PRISTINE HEIGHTS,849677,2009,9,Freehold,68.0005
ECO SANCTUARY,923977,2015,5,Leasehold,68.0005
ECO SANCTUARY,990217,2017,6,Leasehold,68.0005
VANADIUM,1.10E+06,2015,2,Freehold,68.0005
STEVENS SUITES,1.30E+06,2012,9,Freehold,68.0005
6 DERBYSHIRE,1.60E+06,2016,4,Freehold,68.0005
THE PARK VALE,840677,2011,12,Leasehold,69.0005
RIVER PLACE,1.10E+06,2012,12,Leasehold,69.0005
LUMA,1.30E+06,2011,6,Freehold,69.0005
HIGHLINE RESIDENCES,1.40E+06,2018,4,Leasehold,69.0005
CAIRNHILL NINE,1.90E+06,2018,3,Leasehold,69.0005
CAIRNHILL NINE,2.10E+06,2018,3,Leasehold,69.0005
CITY STUDIOS,723676,2011,3,Freehold,70.0005
ECO SANCTUARY,933426,2015,5,Leasehold,70.0005
THE PIER AT ROBERTSON,1.00E+06,2009,3,Freehold,70.0005
THE CREEK @ BUKIT,1.30E+06,2015,11,Freehold,70.0005
ONE OXLEY RISE,1.50E+06,2009,7,Freehold,70.0005
THE CAPRI,828675,2011,6,Freehold,71.0006
VALLEY PARK,1.00E+06,2011,10,Leasehold,71.0006
DUNEARN SUITES,1.30E+06,2012,8,Freehold,71.0006
TREE HOUSE,791275,2012,5,Leasehold,72.0006
NOVENA COURT,873675,2011,7,Freehold,72.0006
SANCTUARY GREEN,1.00E+06,2014,2,Leasehold,72.0006
UE SQUARE,1.20E+06,2013,12,Leasehold,72.0006
CITY GATE,1.50E+06,2017,8,Leasehold,72.0006
STARLIGHT SUITES,1.80E+06,2017,11,Freehold,72.0006
SHERWOOD TOWER,639674,2013,1,Leasehold,73.0006
RIVER PLACE,1.00E+06,2009,6,Leasehold,73.0006
KINGSFORD . HILLVIEW PEAK,1.20E+06,2016,4,Leasehold,73.0006
D'LEEDON,1.30E+06,2013,1,Leasehold,73.0006
D'LEEDON,1.60E+06,2015,3,Leasehold,73.0006
AMANINDA,793674,2009,5,Freehold,74.0006
MACKENZIE 138,1.10E+06,2014,3,Freehold,74.0006
WILKIE STUDIO,1.30E+06,2012,11,Freehold,74.0006
NEWTON SUITES,1.60E+06,2015,5,Freehold,74.0006
MAYSPRINGS,629673,2011,8,Leasehold,75.0006
MAYSPRINGS,798673,2014,6,Leasehold,75.0006
TANJONG RIA CONDOMINIUM,923673,2012,5,Leasehold,75.0006
DUCHESS MANOR,1.10E+06,2009,7,Leasehold,75.0006
DUCHESS MANOR,1.20E+06,2009,10,Leasehold,75.0006
THE LEVELZ,1.40E+06,2014,8,Freehold,75.0006
CONCOURSE SKYLINE,1.60E+06,2014,10,Leasehold,75.0006
MAYSPRINGS,603672,2011,8,Leasehold,76.0006
LAUREL TREE,793672,2016,7,Freehold,76.0006
VIZ AT HOLLAND,988672,2011,6,Freehold,76.0006
THE HILLIER,1.20E+06,2014,2,Leasehold,76.0006
CONCOURSE SKYLINE,1.30E+06,2011,6,Leasehold,76.0006
STEVENS SUITES,1.70E+06,2012,8,Freehold,76.0006
THE BOUTIQ,2.10E+06,2013,9,Freehold,76.0006
SANCTUARY GREEN,863672,2011,10,Leasehold,77.0006
KINGSFORD . HILLVIEW PEAK,1.10E+06,2018,1,Leasehold,77.0006
KINGSFORD . HILLVIEW PEAK,1.20E+06,2015,8,Leasehold,77.0006
CITY EDGE,1.40E+06,2018,1,Freehold,77.0006
ENG KONG GREEN,713671,2012,9,Freehold,78.0006
THE MEZZO,815771,2011,4,Freehold,78.0006
THE MEZZO,854671,2011,6,Freehold,78.0006
BURLINGTON SQUARE,1.00E+06,2012,9,Leasehold,78.0006
CITY SQUARE RESIDENCES,1.10E+06,2012,6,Freehold,78.0006
MERAPRIME,1.20E+06,2012,9,Leasehold,78.0006
CITY SQUARE RESIDENCES,1.30E+06,2013,4,Freehold,78.0006
THE SHELFORD,1.40E+06,2013,4,Freehold,78.0006
DUO RESIDENCES,1.80E+06,2015,12,Leasehold,78.0006
SOL ACRES,755671,2018,4,Leasehold,79.0006
PRISTINE HEIGHTS,903471,2009,6,Freehold,79.0006
WILKIE 48,988671,2010,2,Freehold,79.0006
MAPLEWOODS,1.10E+06,2012,9,Freehold,79.0006
PARK INFINIA AT WEE NAM,1.30E+06,2011,8,Freehold,79.0006
J C DRAYCOTT,1.60E+06,2009,4,Freehold,79.0006
STARLIGHT SUITES,1.90E+06,2017,8,Freehold,79.0006
THE SCOTTS TOWER,3.20E+06,2015,3,Leasehold,79.0006
GUILIN VIEW,678670,2012,5,Leasehold,80.0006
GUILIN VIEW,833670,2013,5,Leasehold,80.0006
GUILIN VIEW,888670,2014,6,Leasehold,80.0006
NOVENA COURT,961670,2012,9,Freehold,80.0006
THE TENNERY,1.00E+06,2013,1,Leasehold,80.0006
CITY SQUARE RESIDENCES,1.10E+06,2012,4,Freehold,80.0006
VIZ AT HOLLAND,1.20E+06,2011,8,Freehold,80.0006
VALLEY PARK,1.40E+06,2017,11,Leasehold,80.0006
THE SAIL @ MARINA BAY,1.60E+06,2011,10,Leasehold,80.0006
THE SAIL @ MARINA BAY,1.90E+06,2011,11,Leasehold,80.0006
SOL ACRES,791669,2017,8,Leasehold,81.0006
RIVER PLACE,1.10E+06,2011,12,Leasehold,81.0006
THE SKYWOODS,1.20E+06,2017,6,Leasehold,81.0006
THE SKYWOODS,1.20E+06,2016,5,Leasehold,81.0006
368 THOMSON,1.40E+06,2012,7,Freehold,81.0006
CONCOURSE SKYLINE,1.60E+06,2010,9,Leasehold,81.0006
THE BOUTIQ,2.20E+06,2014,10,Freehold,81.0006
TEXTILE CENTRE,654169,2011,11,Leasehold,82.0006
ROBIN REGALIA,901669,2009,2,Freehold,82.0006
THE TENNERY,1.00E+06,2013,1,Leasehold,82.0006
BURLINGTON SQUARE,1.30E+06,2013,7,Leasehold,82.0006
THE CASCADIA,1.40E+06,2012,8,Freehold,82.0006
THE CASCADIA,1.40E+06,2013,4,Freehold,82.0006
THE CASCADIA,1.50E+06,2013,1,Freehold,82.0006
THE BEAUMONT,2.00E+06,2012,3,Freehold,82.0006
THE LAURELS,2.60E+06,2012,3,Freehold,82.0006
CITYLIGHTS,680268,2009,1,Leasehold,83.0007
GLOUCESTER MANSIONS,943668,2009,1,Freehold,83.0007
FLORIDIAN,1.10E+06,2011,7,Freehold,83.0007
TIARA,1.30E+06,2011,7,Freehold,83.0007
PARK INFINIA AT WEE NAM,1.40E+06,2011,7,Freehold,83.0007
PARK INFINIA AT WEE NAM,1.50E+06,2009,7,Freehold,83.0007
THE SIENA,1.90E+06,2016,5,Leasehold,83.0007
SCOTTS SQUARE,4.10E+06,2013,5,Freehold,83.0007
HILLVIEW REGENCY,658668,2011,9,Leasehold,84.0007
MAYSPRINGS,783668,2014,2,Leasehold,84.0007
DOMUS,873668,2011,5,Freehold,84.0007
SOUTHAVEN I,941668,2017,11,Leasehold,84.0007
PARC MACKENZIE,1.10E+06,2011,8,Freehold,84.0007
TERRENE AT BUKIT TIMAH,1.20E+06,2012,7,Leasehold,84.0007
GAIA,1.40E+06,2014,10,Freehold,84.0007
CITYLIGHTS,1.60E+06,2013,11,Leasehold,84.0007
PARC EMILY,1.70E+06,2014,7,Freehold,84.0007
GILSTEAD TWO,1.80E+06,2012,7,Freehold,84.0007
LUMA,2.00E+06,2015,7,Freehold,84.0007
MAYSPRINGS,605667,2011,8,Leasehold,85.0007
MAYSPRINGS,828667,2013,10,Leasehold,85.0007
CENTRAL GREEN CONDOMINIUM,923667,2011,11,Leasehold,85.0007
HILLVISTA,1.10E+06,2009,12,Freehold,85.0007
TERRENE AT BUKIT TIMAH,1.20E+06,2012,8,Leasehold,85.0007
FLORIDIAN,1.30E+06,2011,7,Freehold,85.0007
VISIONCREST,1.50E+06,2009,2,Freehold,85.0007
CITY GATE,1.80E+06,2017,6,Leasehold,85.0007
THE VERMONT ON CAIRNHILL,2.40E+06,2012,4,Freehold,85.0007
HOLLAND HILL LODGE,723666,2009,2,Freehold,86.0007
SOL ACRES,785666,2017,10,Leasehold,86.0007
SOL ACRES,820666,2017,8,Leasehold,86.0007
PARKVIEW APARTMENTS,893666,2014,10,Leasehold,86.0007
SYMPHONY HEIGHTS,988666,2013,5,Freehold,86.0007
TANJONG RIA CONDOMINIUM,1.10E+06,2014,6,Leasehold,86.0007
CUBE 8,1.30E+06,2012,3,Freehold,86.0007
D' DALVEY,1.30E+06,2010,9,Freehold,86.0007
SUITES @ SURREY,1.50E+06,2017,1,Freehold,86.0007
DUKES RESIDENCE,1.60E+06,2017,4,Freehold,86.0007
THE INSPIRA,1.90E+06,2014,12,Freehold,86.0007
PARKVIEW APARTMENTS,713666,2012,8,Leasehold,87.0007
NOVA 48,893666,2011,2,Freehold,87.0007
DUCHESS CREST,1.10E+06,2012,7,Leasehold,87.0007
FLORIDIAN,1.30E+06,2011,8,Freehold,87.0007
DUCHESS CREST,1.50E+06,2015,1,Leasehold,87.0007
DUO RESIDENCES,1.70E+06,2015,12,Leasehold,87.0007
THE PIER AT ROBERTSON,1.90E+06,2013,1,Freehold,87.0007
THE RAINTREE,566565,2009,3,Leasehold,88.0007
SOL ACRES,796665,2017,8,Leasehold,88.0007
HARVEST MANSIONS,838665,2012,3,Leasehold,88.0007
PEBBLE BAY,928665,2011,7,Leasehold,88.0007
NINETEEN SHELFORD ROAD,1.10E+06,2009,6,Freehold,88.0007
THE SKYWOODS,1.20E+06,2017,9,Leasehold,88.0007
SUMMERHILL,1.30E+06,2014,10,Freehold,88.0007
THE NEXUS,1.40E+06,2014,5,Freehold,88.0007
DOMUS,1.50E+06,2015,2,Freehold,88.0007
VISIONCREST,1.90E+06,2012,11,Freehold,88.0007
SCOTTS SQUARE,3.70E+06,2009,10,Freehold,88.0007
PALM GARDENS,568665,2011,6,Leasehold,89.0007
WANDERVALE,753665,2018,3,Leasehold,89.0007
THE RAINFOREST,794665,2014,3,Leasehold,89.0007
WANDERVALE,815665,2018,3,Leasehold,89.0007
THE RAINFOREST,834835,2014,6,Leasehold,89.0007
WANDERVALE,874665,2018,3,Leasehold,89.0007
HILLVIEW HEIGHTS,983665,2013,6,Freehold,89.0007
PAVILION 11,1.10E+06,2009,4,Freehold,89.0007
PAVILION 11,1.20E+06,2012,4,Freehold,89.0007
THE SKYWOODS,1.30E+06,2018,4,Leasehold,89.0007
BELLERIVE,1.40E+06,2011,5,Freehold,89.0007
AMARYLLIS VILLE,1.40E+06,2014,2,Leasehold,89.0007
ADAM PARK CONDOMINIUM,1.50E+06,2016,9,Freehold,89.0007
THE LANAI,1.60E+06,2015,4,Leasehold,89.0007
PAVILION 11,1.70E+06,2013,6,Freehold,89.0007
J C DRAYCOTT,1.80E+06,2009,6,Freehold,89.0007
HIJAUAN,2.40E+06,2014,4,Freehold,89.0007
HILLVIEW 128,736664,2010,5,Leasehold,90.0007
BLOSSOM RESIDENCES,758664,2013,11,Leasehold,90.0007
BLOSSOM RESIDENCES,782664,2013,9,Leasehold,90.0007
HILLVIEW REGENCY,903664,2014,2,Leasehold,90.0007
THE SIXTH AVENUE RESIDENCES,1.10E+06,2009,1,Freehold,90.0007
RIVER PLACE,1.40E+06,2017,4,Leasehold,90.0007
LEONIE SUITES,1.60E+06,2016,12,Leasehold,90.0007
DUO RESIDENCES,1.80E+06,2015,12,Leasehold,90.0007
MARTIN NO 38,2.50E+06,2015,1,Freehold,90.0007
HILLVIEW GREEN,663663,2011,5,Leasehold,91.0007
HILLVIEW HEIGHTS,781663,2011,9,Freehold,91.0007
HAZEL PARK CONDOMINIUM,883663,2012,7,Leasehold,91.0007
IRESIDENCES,955663,2011,3,Freehold,91.0007
HILLSTA,1.00E+06,2014,5,Leasehold,91.0007
ECO SANCTUARY,1.10E+06,2014,12,Leasehold,91.0007
PARK INFINIA AT WEE NAM,1.20E+06,2011,3,Freehold,91.0007
SIGNATURE AT LEWIS,1.40E+06,2011,11,Freehold,91.0007
THE RIVERINE BY THE PARK,1.50E+06,2009,6,Freehold,91.0007
AMARYLLIS VILLE,1.60E+06,2016,6,Leasehold,91.0007
HOLLAND RESIDENCES,1.80E+06,2012,2,Freehold,91.0007
HILLINGTON GREEN,648663,2009,2,Leasehold,92.0007
BINJAI PARK,761663,2010,8,Leasehold,92.0007
MACKENZIE REGENCY,903663,2009,2,Freehold,92.0007
SANCTUARY GREEN,1.10E+06,2009,8,Leasehold,92.0007
PARC PALAIS,1.10E+06,2017,1,Freehold,92.0007
KERRISDALE,1.20E+06,2017,10,Leasehold,92.0007
ECO SANCTUARY,1.30E+06,2018,3,Leasehold,92.0007
TERRENE AT BUKIT TIMAH,1.30E+06,2012,8,Leasehold,92.0007
THE TESSARINA,1.40E+06,2009,8,Freehold,92.0007
NOVENA LODGE,1.50E+06,2015,12,Freehold,92.0007
CITYSCAPE @FARRER PARK,1.60E+06,2012,11,Freehold,92.0007
PARVIS,1.70E+06,2011,12,Freehold,92.0007
PARC EMILY,1.80E+06,2014,8,Freehold,92.0007
HALLMARK RESIDENCES,2.10E+06,2016,3,Freehold,92.0007
WATTEN ESTATE CONDOMINIUM,768662,2011,3,Freehold,93.0007
SOL ACRES,872662,2017,12,Leasehold,93.0007
ENG AUN MANSION,998662,2013,1,Freehold,93.0007
HILLSTA,1.20E+06,2014,10,Leasehold,93.0007
GAIA,1.40E+06,2014,7,Freehold,93.0007
PARK INFINIA AT WEE NAM,1.70E+06,2011,11,Freehold,93.0007
CYAN,2.00E+06,2011,11,Freehold,93.0007
KALLANG RIVERSIDE,2.20E+06,2016,7,Freehold,93.0007
DUO RESIDENCES,2.40E+06,2015,12,Leasehold,93.0007
CENTURY MANSIONS,573662,2009,1,Freehold,94.0007
CENTURY MANSIONS,941662,2013,8,Freehold,94.0007
THE STERLING,1.10E+06,2011,7,Freehold,94.0007
THE ANSLEY,1.20E+06,2011,7,Freehold,94.0007
COSTA RHU,1.30E+06,2010,2,Leasehold,94.0007
COSTA RHU,1.30E+06,2014,12,Leasehold,94.0007
THE ABODE AT DEVONSHIRE,1.50E+06,2011,12,Freehold,94.0007
SPRING GROVE,1.60E+06,2009,7,Leasehold,94.0007
SPRING GROVE,1.70E+06,2014,3,Leasehold,94.0007
ROCHELLE AT NEWTON,1.90E+06,2015,7,Leasehold,94.0007
URBANA,2.20E+06,2015,4,Freehold,94.0007
REGENT HEIGHTS,573661,2012,8,Leasehold,95.0007
REGENT HEIGHTS,663661,2011,6,Leasehold,95.0007
REGENT HEIGHTS,731661,2012,10,Leasehold,95.0007
REGENT HEIGHTS,788661,2012,7,Leasehold,95.0007
THE PETALS,873661,2012,5,Freehold,95.0007
REGENT HEIGHTS,916661,2017,5,Leasehold,95.0007
REGENT HEIGHTS,993661,2015,3,Leasehold,95.0007
THE TESSARINA,1.30E+06,2012,1,Freehold,95.0007
THE PIER AT ROBERTSON,1.70E+06,2009,8,Freehold,95.0007
RIVERGATE,2.20E+06,2012,8,Freehold,95.0007
CITYLIGHTS,753660,2013,3,Freehold,96.0008
SIGNATURE PARK,931660,2009,11,Freehold,96.0008
THE TESSARINA,1.10E+06,2009,4,Freehold,96.0008
THE TESSARINA,1.20E+06,2011,6,Freehold,96.0008
THE TESSARINA,1.30E+06,2009,8,Freehold,96.0008
ROBERTSON 100,1.50E+06,2010,8,Freehold,96.0008
D'LEEDON,1.60E+06,2013,9,Leasehold,96.0008
TRIBECA,1.80E+06,2013,8,Freehold,96.0008
LINCOLN SUITES,2.00E+06,2012,2,Freehold,96.0008
HILLVIEW 128,712460,2009,12,Leasehold,97.0008
SUFFOLK PREMIER,953660,2009,11,Freehold,97.0008
SIGNATURE PARK,1.10E+06,2017,12,Freehold,97.0008
THE SKYWOODS,1.30E+06,2017,11,Leasehold,97.0008
THE LANAI,1.40E+06,2012,10,Leasehold,97.0008
SUFFOLK PREMIER,1.50E+06,2012,12,Freehold,97.0008
URBANA,1.50E+06,2012,1,Freehold,97.0008
MARTIN PLACE RESIDENCES,1.70E+06,2011,6,Freehold,97.0008
LINCOLN SUITES,1.80E+06,2011,12,Freehold,97.0008
LINCOLN SUITES,1.90E+06,2012,1,Freehold,97.0008
LEEDON RESIDENCE,2.50E+06,2018,3,Freehold,97.0008
URBAN SUITES,2.90E+06,2016,12,Freehold,97.0008
BLOSSOM RESIDENCES,796659,2014,11,Leasehold,98.0008
BLOSSOM RESIDENCES,808659,2013,8,Leasehold,98.0008
BLOSSOM RESIDENCES,816659,2013,8,Leasehold,98.0008
SIGNATURE PARK,823659,2009,7,Freehold,98.0008
BLOSSOM RESIDENCES,832659,2013,9,Leasehold,98.0008
SIGNATURE PARK,873659,2011,10,Freehold,98.0008
THE ARTE,1.00E+06,2011,4,Freehold,98.0008
BUKIT REGENCY,1.10E+06,2015,4,Freehold,98.0008
KENG LEE COURT,1.30E+06,2015,3,Freehold,98.0008
THE ARTE,1.50E+06,2014,3,Freehold,98.0008
WATERMARK ROBERTSON QUAY,1.70E+06,2012,1,Freehold,98.0008
D'LEEDON,1.90E+06,2015,5,Leasehold,98.0008
THE GLYNDEBOURNE,2.30E+06,2012,11,Freehold,98.0008
HILLBROOKS,726659,2011,6,Freehold,99.0008
SOL ACRES,940659,2017,8,Leasehold,99.0008
NOVA 48,1.10E+06,2011,3,Freehold,99.0008
THE NEXUS,1.30E+06,2010,7,Freehold,99.0008
EURO-ASIA COURT,1.40E+06,2009,12,Freehold,99.0008
THE WHARF RESIDENCE,1.50E+06,2011,5,Leasehold,99.0008
KIM SIA COURT,1.60E+06,2009,4,Freehold,99.0008
VERDURE,1.60E+06,2011,5,Freehold,99.0008
BELMOND GREEN,1.80E+06,2013,7,Freehold,99.0008
CYAN,2.20E+06,2012,3,Freehold,99.0008
PARC PALAIS,823658,2011,12,Freehold,100.001
KENTISH GREEN,993658,2016,8,Leasehold,100.001
THE WHARF RESIDENCE,1.30E+06,2011,6,Leasehold,100.001
THE WHARF RESIDENCE,1.50E+06,2011,6,Leasehold,100.001
CITYSCAPE @FARRER PARK,1.60E+06,2015,1,Freehold,100.001
AVALON,1.70E+06,2012,5,Freehold,100.001
GOODWOOD GARDENS,1.80E+06,2011,12,Freehold,100.001
GOODWOOD GARDENS,2.00E+06,2014,12,Freehold,100.001
THE ASANA,2.30E+06,2018,5,Freehold,100.001
BLOSSOM RESIDENCES,860657,2013,8,Leasehold,101.001
WANDERVALE,954657,2018,3,Leasehold,101.001
HILLSTA,1.20E+06,2014,6,Leasehold,101.001
CHATEAU LE FAME,1.40E+06,2013,1,Freehold,101.001
SOPHIA RESIDENCE,1.90E+06,2011,8,Freehold,101.001
MI CASA,831657,2011,8,Leasehold,102.001
WANDERVALE,916657,2018,4,Leasehold,102.001
WANDERVALE,939657,2018,4,Leasehold,102.001
SOL ACRES,961657,2017,8,Leasehold,102.001
KENTISH GREEN,1.20E+06,2015,7,Leasehold,102.001
HERTFORD COLLECTION,1.40E+06,2014,3,Freehold,102.001
SOLEIL @ SINARAN,1.60E+06,2009,9,Leasehold,102.001
SOLEIL @ SINARAN,1.90E+06,2009,9,Leasehold,102.001
CONCOURSE SKYLINE,2.00E+06,2011,9,Leasehold,102.001
MERALODGE,723656,2011,8,Freehold,103.001
BLOSSOM RESIDENCES,846656,2013,9,Leasehold,103.001
HIGHGATE,993656,2012,7,Freehold,103.001
HILLVIEW REGENCY,1.10E+06,2015,9,Leasehold,103.001
THE LINCOLN MODERN,1.40E+06,2009,3,Freehold,103.001
THE LANAI,1.50E+06,2013,11,Leasehold,103.001
THE LANAI,1.70E+06,2014,6,Leasehold,103.001
TRILIGHT,1.90E+06,2011,11,Freehold,103.001
DUO RESIDENCES,2.10E+06,2015,12,Leasehold,103.001
PARKVIEW APARTMENTS,378656,2009,2,Leasehold,104.001
RACE COURSE MANSION,703656,2009,4,Freehold,104.001
MI CASA,774746,2011,5,Leasehold,104.001
PARKVIEW APARTMENTS,825656,2013,8,Leasehold,104.001
PARKVIEW APARTMENTS,883656,2014,2,Leasehold,104.001
PARKVIEW APARTMENTS,973656,2015,7,Leasehold,104.001
HILLVIEW REGENCY,1.10E+06,2014,12,Leasehold,104.001
SPRINGDALE CONDOMINIUM,1.20E+06,2013,8,Leasehold,104.001
ST THOMAS COURT,1.40E+06,2012,2,Freehold,104.001
BALESTIER TOWERS,1.50E+06,2016,7,Freehold,104.001
CITYSCAPE @FARRER PARK,1.70E+06,2015,4,Freehold,104.001
PROXIMO,1.90E+06,2015,3,Freehold,104.001
PARKVIEW APARTMENTS,531655,2009,5,Leasehold,105.001
SPRINGDALE CONDOMINIUM,793655,2009,5,Leasehold,105.001
WANDERVALE,863655,2018,3,Leasehold,105.001
HILLVIEW REGENCY,901655,2011,7,Leasehold,105.001
WANDERVALE,923655,2018,3,Leasehold,105.001
THE RAINFOREST,949655,2014,3,Leasehold,105.001
SUNSHINE PLAZA,1.00E+06,2012,6,Leasehold,105.001
GARDENVISTA,1.10E+06,2011,8,Leasehold,105.001
HILLBROOKS,1.20E+06,2015,8,Freehold,105.001
FORESQUE RESIDENCES,1.30E+06,2013,10,Leasehold,105.001
DE PARADISO,1.40E+06,2014,8,Freehold,105.001
THOMSON EURO-ASIA,1.50E+06,2011,7,Freehold,105.001
D'LEEDON,1.80E+06,2015,1,Leasehold,105.001
PARK INFINIA AT WEE NAM,2.10E+06,2013,9,Freehold,105.001
ONE TREE HILL RESIDENCE,2.50E+06,2015,4,Freehold,105.001
KENTISH COURT,763654,2010,5,Leasehold,106.001
THE RAINFOREST,950184,2014,4,Leasehold,106.001
LE WOOD,1.10E+06,2018,2,Leasehold,106.001
THE LINC,1.30E+06,2009,1,Freehold,106.001
THE LINC,1.40E+06,2010,1,Freehold,106.001
GALLOP GABLES,1.70E+06,2012,1,Freehold,106.001
THE COSMOPOLITAN,2.10E+06,2012,2,Freehold,106.001
THE COSMOPOLITAN,2.30E+06,2012,12,Freehold,106.001
THE LUMOS,3.80E+06,2009,8,Freehold,106.001
THE RAINFOREST,893654,2016,3,Leasehold,107.001
HIGH OAK CONDOMINIUM,936154,2012,7,Leasehold,107.001
TREE HOUSE,984054,2012,5,Leasehold,107.001
TREE HOUSE,1.00E+06,2012,6,Leasehold,107.001
THE SERENADE @ HOLLAND,1.10E+06,2009,6,Leasehold,107.001
CHATEAU LE FAME,1.30E+06,2011,12,Freehold,107.001
VISTA RESIDENCES,1.40E+06,2011,8,Freehold,107.001
CITY EDGE,1.80E+06,2015,2,Freehold,107.001
REGENT HEIGHTS,673653,2011,7,Leasehold,108.001
CITYLIGHTS,813653,2011,6,Freehold,108.001
REGENT HEIGHTS,946653,2013,5,Leasehold,108.001
THE TESSARINA,1.00E+06,2009,1,Freehold,108.001
ROBERTSON 100,1.10E+06,2009,3,Freehold,108.001
ALEGRIA,1.30E+06,2013,6,Freehold,108.001
BALMORAL HEIGHTS,1.50E+06,2011,6,Freehold,108.001
CHATEAU LE FAME,1.60E+06,2014,4,Freehold,108.001
CONCOURSE SKYLINE,1.90E+06,2012,5,Leasehold,108.001
TRILIGHT,2.50E+06,2016,4,Freehold,108.001
THE DAIRY FARM,693653,2009,3,Freehold,109.001
AVA TOWERS,863653,2011,8,Freehold,109.001
REGENT HEIGHTS,973653,2017,10,Leasehold,109.001
THE QUAYSIDE,1.10E+06,2009,3,Leasehold,109.001
VISTA RESIDENCES,1.30E+06,2011,7,Freehold,109.001
HILLVISTA,1.40E+06,2012,10,Freehold,109.001
UE SQUARE,1.70E+06,2017,9,Leasehold,109.001
LUMA,2.00E+06,2011,6,Freehold,109.001
STEVENS SUITES,2.30E+06,2014,3,Freehold,109.001
HIGH OAK CONDOMINIUM,828652,2010,1,Leasehold,110.001
SOL ACRES,1.00E+06,2017,8,Leasehold,110.001
FORESQUE RESIDENCES,1.20E+06,2013,6,Leasehold,110.001
FORESQUE RESIDENCES,1.30E+06,2014,5,Leasehold,110.001
HILLVISTA,1.40E+06,2012,10,Freehold,110.001
THE LANAI,1.60E+06,2012,10,Leasehold,110.001
8 @ MOUNT SOPHIA,1.70E+06,2011,10,Leasehold,110.001
D'LEEDON,1.80E+06,2014,11,Leasehold,110.001
MIRO,1.90E+06,2011,7,Freehold,110.001
MIRO,2.00E+06,2011,10,Freehold,110.001
HIGH OAK CONDOMINIUM,818651,2009,10,Leasehold,111.001
HILLVIEW HEIGHTS,973651,2012,12,Freehold,111.001
HILLVIEW REGENCY,1.10E+06,2014,9,Leasehold,111.001
VISTA RESIDENCES,1.40E+06,2011,8,Freehold,111.001
PINETREE CONDOMINIUM,1.60E+06,2011,9,Freehold,111.001
CITY SQUARE RESIDENCES,1.80E+06,2016,5,Freehold,111.001
TRILIGHT,2.20E+06,2012,1,Freehold,111.001
PALM GARDENS,643651,2011,7,Leasehold,112.001
PALM GARDENS,753651,2012,6,Leasehold,112.001
SUMMERHILL,873651,2010,10,Freehold,112.001
PALM GARDENS,953651,2013,6,Leasehold,112.001
PALM GARDENS,1.00E+06,2015,2,Leasehold,112.001
HILLSTA,1.20E+06,2014,4,Leasehold,112.001
WILKIE APARTMENTS,1.30E+06,2013,7,Freehold,112.001
SUMMERHILL,1.40E+06,2014,12,Freehold,112.001
CAVENAGH GARDENS,1.60E+06,2012,9,Freehold,112.001
THE RIVERINE BY THE PARK,1.70E+06,2009,6,Freehold,112.001
SAM KIANG MANSIONS,1.90E+06,2013,3,Freehold,112.001
8 RODYK,2.00E+06,2011,9,Freehold,112.001
CAIRNHILL CREST,2.40E+06,2011,11,Freehold,112.001
GLENDALE PARK,668650,2009,3,Freehold,113.001
PALM GARDENS,823650,2012,11,Leasehold,113.001
MONARCHY APARTMENTS,933650,2009,7,Freehold,113.001
SOL ACRES,1.00E+06,2017,8,Leasehold,113.001
PALM GARDENS,1.10E+06,2015,8,Leasehold,113.001
CITYLIGHTS,1.30E+06,2010,4,Freehold,113.001
HILLVIEW HEIGHTS,1.40E+06,2016,10,Freehold,113.001
CITY SQUARE RESIDENCES,1.50E+06,2011,11,Freehold,113.001
CITY SQUARE RESIDENCES,1.50E+06,2012,3,Freehold,113.001
ADAM PARK CONDOMINIUM,1.60E+06,2017,3,Freehold,113.001
CITY SQUARE RESIDENCES,1.80E+06,2012,9,Freehold,113.001
VISTA RESIDENCES,1.90E+06,2012,8,Freehold,113.001
THE CASCADIA,1.90E+06,2009,9,Freehold,113.001
D'LEEDON,2.00E+06,2015,3,Leasehold,113.001
ONE DEVONSHIRE,2.30E+06,2011,7,Freehold,113.001
THE LINEAR,748500,2011,4,Leasehold,114.001
KENTISH GREEN,873650,2012,5,Leasehold,114.001
SOL ACRES,1.00E+06,2017,8,Leasehold,114.001
TREE HOUSE,1.10E+06,2012,5,Leasehold,114.001
TREE HOUSE,1.10E+06,2012,5,Leasehold,114.001
TWIN REGENCY,1.20E+06,2011,5,Freehold,114.001
MIRAGE TOWER,1.30E+06,2011,7,Freehold,114.001
CASHEW HEIGHTS CONDOMINIUM,1.40E+06,2015,7,Leasehold,114.001
WATER PLACE,1.60E+06,2009,11,Leasehold,114.001
WATER PLACE,1.70E+06,2015,9,Leasehold,114.001
TWIN REGENCY,2.00E+06,2018,3,Freehold,114.001
TRILIGHT,2.30E+06,2012,2,Freehold,114.001
SCOTTS SQUARE,4.60E+06,2009,11,Freehold,114.001
HILLTOP GROVE,751649,2011,6,Leasehold,115.001
MI CASA,893979,2011,6,Leasehold,115.001
THE RAINFOREST,991649,2014,3,Leasehold,115.001
HILLTOP GROVE,1.00E+06,2013,12,Leasehold,115.001
NOVA 48,1.20E+06,2011,6,Freehold,115.001
CITY SQUARE RESIDENCES,1.30E+06,2012,1,Freehold,115.001
PARC PALAIS,1.40E+06,2015,12,Freehold,115.001
CITY SQUARE RESIDENCES,1.60E+06,2017,3,Freehold,115.001
BELLERIVE,1.80E+06,2011,4,Freehold,115.001
THE CASCADIA,1.80E+06,2013,3,Freehold,115.001
DUCHESS ROYALE,2.00E+06,2012,7,Leasehold,115.001
NEWTON SUITES,2.30E+06,2013,3,Freehold,115.001
CENTENNIA SUITES,2.50E+06,2012,5,Freehold,115.001
GLENDALE PARK,673649,2009,3,Freehold,116.001
THE LINEAR,800649,2009,7,Leasehold,116.001
BLOSSOM RESIDENCES,920649,2013,10,Leasehold,116.001
BUKIT REGENCY,958649,2011,12,Freehold,116.001
WANDERVALE,1.00E+06,2018,3,Leasehold,116.001
WANDERVALE,1.00E+06,2018,3,Leasehold,116.001
NOVA 88,1.10E+06,2011,3,Freehold,116.001
TREE HOUSE,1.10E+06,2012,5,Leasehold,116.001
THE LINEAR,1.20E+06,2014,5,Leasehold,116.001
THE INSPIRA,1.40E+06,2009,1,Freehold,116.001
CASABELLA,1.60E+06,2009,6,Freehold,116.001
CASABELLA,1.80E+06,2010,3,Freehold,116.001
LA CRYSTAL,1.90E+06,2017,3,Freehold,116.001
SHELFORD SUITES,2.20E+06,2015,10,Freehold,116.001
SCOTTS SQUARE,4.60E+06,2010,2,Freehold,116.001
CHESTERVALE,492648,2009,3,Leasehold,117.001
CHESTERVALE,738648,2011,12,Leasehold,117.001
GUILIN VIEW,805648,2010,10,Leasehold,117.001
GUILIN VIEW,856648,2012,3,Leasehold,117.001
KERRISDALE,903648,2009,5,Leasehold,117.001
CHESTERVALE,953648,2013,10,Leasehold,117.001
GUILIN VIEW,1.00E+06,2013,3,Leasehold,117.001
GUILIN VIEW,1.10E+06,2014,8,Leasehold,117.001
KENTISH COURT,1.30E+06,2013,4,Leasehold,117.001
AMARYLLIS VILLE,1.40E+06,2009,3,Leasehold,117.001
AMARYLLIS VILLE,1.50E+06,2010,9,Leasehold,117.001
MARTINA MANSIONS,1.70E+06,2012,3,Freehold,117.001
BELMOND GREEN,2.00E+06,2012,5,Freehold,117.001
RICHMOND PARK,3.20E+06,2015,4,Freehold,117.001
THE RAINTREE,749737,2009,4,Leasehold,118.001
BLOSSOM RESIDENCES,901647,2013,12,Leasehold,118.001
CASHEW PARK CONDOMINIUM,981647,2012,12,Leasehold,118.001
MI CASA,1.10E+06,2012,11,Leasehold,118.001
THE RAINTREE,1.30E+06,2013,6,Leasehold,118.001
FORESQUE RESIDENCES,1.40E+06,2014,10,Leasehold,118.001
FORESQUE RESIDENCES,1.50E+06,2017,6,Leasehold,118.001
CHATEAU ELIZA,1.80E+06,2012,2,Freehold,118.001
THE REGALIA,2.00E+06,2014,11,Freehold,118.001
THE ARC AT DRAYCOTT,2.90E+06,2015,10,Freehold,118.001
GUILIN VIEW,790535,2009,7,Leasehold,119.001
MI CASA,921607,2011,4,Leasehold,119.001
MI CASA,1.00E+06,2012,1,Leasehold,119.001
GUILIN VIEW,1.20E+06,2016,12,Leasehold,119.001
AVA TOWERS,1.30E+06,2014,10,Freehold,119.001
KERRISDALE,1.40E+06,2017,2,Leasehold,119.001
THE ANSLEY,1.60E+06,2011,9,Freehold,119.001
1 KING ALBERT PARK,1.70E+06,2016,10,Freehold,119.001
CITYVALE,1.80E+06,2017,7,Freehold,119.001
ADRIA,2.10E+06,2012,12,Freehold,119.001
ADRIA,2.30E+06,2012,12,Freehold,119.001
THE LAURELS,4.00E+06,2013,4,Freehold,119.001
THE RAINTREE,792746,2009,2,Leasehold,120.001
MI CASA,914766,2011,11,Leasehold,120.001
MAYSPRINGS,1.00E+06,2013,10,Leasehold,120.001
SHERWOOD CONDOMINIUM,1.10E+06,2013,6,Freehold,120.001
LANDMARK TOWER,1.20E+06,2017,6,Leasehold,120.001
CENTRAL GREEN CONDOMINIUM,1.40E+06,2009,10,Leasehold,120.001
THE SKYWOODS,1.60E+06,2017,6,Leasehold,120.001
RIVER PLACE,1.80E+06,2009,7,Leasehold,120.001
SHELFORD SUITES,1.90E+06,2012,4,Freehold,120.001
D'LEEDON,2.30E+06,2015,5,Leasehold,120.001
MAYSPRINGS,658646,2011,5,Leasehold,121.001
MAYSPRINGS,883646,2012,12,Leasehold,121.001
SELANTING GREEN,988646,2012,2,Freehold,121.001
MAYSPRINGS,1.10E+06,2014,11,Leasehold,121.001
THE RAINTREE,1.30E+06,2017,4,Leasehold,121.001
BURLINGTON SQUARE,1.50E+06,2016,9,Leasehold,121.001
368 THOMSON,1.80E+06,2012,8,Freehold,121.001
MIRO,1.90E+06,2011,7,Freehold,121.001
368 THOMSON,2.00E+06,2017,8,Freehold,121.001
ONE DEVONSHIRE,2.30E+06,2011,7,Freehold,121.001
THE AMSTON,598645,2009,5,Leasehold,122.001
MAYSPRINGS,903645,2010,7,Leasehold,122.001
THE HILLSIDE,1.10E+06,2011,12,Freehold,122.001
THE TESSARINA,1.30E+06,2011,5,Freehold,122.001
THE TESSARINA,1.50E+06,2009,5,Freehold,122.001
CITYLIGHTS,1.70E+06,2013,7,Leasehold,122.001
MAPLEWOODS,1.90E+06,2014,8,Freehold,122.001
THE PATERSON,2.10E+06,2009,2,Freehold,122.001
BELMOND GREEN,2.40E+06,2014,2,Freehold,122.001
THE PATERSON,2.70E+06,2016,5,Freehold,122.001
HELIOS RESIDENCES,3.90E+06,2009,7,Freehold,122.001
THE LINEAR,811644,2011,6,Leasehold,123.001
HAZEL PARK CONDOMINIUM,1.00E+06,2011,9,Leasehold,123.001
MI CASA,1.20E+06,2013,1,Leasehold,123.001
ASPEN HEIGHTS,1.40E+06,2010,11,Leasehold,123.001
ASPEN HEIGHTS,1.50E+06,2011,6,Leasehold,123.001
ASPEN HEIGHTS,1.70E+06,2009,7,Leasehold,123.001
THE LINCOLN RESIDENCES,1.80E+06,2011,5,Freehold,123.001
MAPLEWOODS,2.00E+06,2016,9,Freehold,123.001
ASPEN HEIGHTS,2.10E+06,2012,12,Leasehold,123.001
WATERMARK ROBERTSON QUAY,2.30E+06,2017,3,Freehold,123.001
VOLARI,2.80E+06,2011,8,Freehold,123.001
PHOENIX HEIGHTS,283644,2011,7,Leasehold,124.001
THE LINEAR,806258,2009,3,Leasehold,124.001
REGENT HEIGHTS,903644,2012,1,Leasehold,124.001
HILLBROOKS,1.00E+06,2011,10,Freehold,124.001
MAPLEWOODS,1.20E+06,2009,4,Freehold,124.001
PARC PALAIS,1.30E+06,2017,8,Freehold,124.001
HAZEL PARK CONDOMINIUM,1.40E+06,2017,4,Leasehold,124.001
MAPLEWOODS,1.60E+06,2010,8,Freehold,124.001
COSTA RHU,1.70E+06,2017,7,Leasehold,124.001
MAPLEWOODS,1.80E+06,2018,2,Freehold,124.001
PARK INFINIA AT WEE NAM,2.30E+06,2013,11,Freehold,124.001
MARTIN NO 38,4.00E+06,2015,7,Freehold,124.001
MERA WOODS,923643,2009,6,Leasehold,125.001
MERA WOODS,1.10E+06,2012,10,Leasehold,125.001
SYMPHONY HEIGHTS,1.20E+06,2012,7,Freehold,125.001
IRESIDENCES,1.30E+06,2011,6,Freehold,125.001
MERA WOODS,1.40E+06,2017,6,Leasehold,125.001
TIARA,1.50E+06,2009,2,Freehold,125.001
COSTA RHU,1.60E+06,2014,3,Leasehold,125.001
DUCHESS CREST,1.80E+06,2014,5,Leasehold,125.001
CITYSCAPE @FARRER PARK,1.90E+06,2012,11,Freehold,125.001
D'LEEDON,2.00E+06,2015,1,Leasehold,125.001
VIVA,2.10E+06,2011,9,Freehold,125.001
CONCOURSE SKYLINE,2.40E+06,2010,9,Leasehold,125.001
HUME PARK II,873643,2009,7,Freehold,126.001
HILLINGTON GREEN,1.00E+06,2010,5,Leasehold,126.001
MERALODGE,1.10E+06,2013,7,Freehold,126.001
HUME PARK I,1.30E+06,2014,8,Freehold,126.001
HUME PARK I,1.40E+06,2016,9,Freehold,126.001
SIGNATURE PARK,1.50E+06,2014,11,Freehold,126.001
WATER PLACE,1.60E+06,2011,8,Leasehold,126.001
WATER PLACE,1.70E+06,2009,7,Leasehold,126.001
THE MERASAGA,1.80E+06,2012,4,Leasehold,126.001
D'LEEDON,2.00E+06,2015,12,Leasehold,126.001
D'LEEDON,2.20E+06,2015,4,Leasehold,126.001
CONCOURSE SKYLINE,2.50E+06,2012,7,Leasehold,126.001
PEBBLE BAY,1.20E+06,2009,6,Leasehold,127.001
THE TESSARINA,1.30E+06,2009,3,Freehold,127.001
DUCHESS CREST,1.60E+06,2012,12,Leasehold,127.001
THE BLOSSOMVALE,1.80E+06,2013,3,Leasehold,127.001
PEBBLE BAY,1.90E+06,2013,2,Leasehold,127.001
8 @ MOUNT SOPHIA,2.20E+06,2012,11,Leasehold,127.001
HAZEL PARK CONDOMINIUM,820641,2011,5,Leasehold,128.001
SOL ACRES,1.20E+06,2017,8,Leasehold,128.001
PARK NATURA,1.40E+06,2011,10,Freehold,128.001
PEBBLE BAY,1.60E+06,2009,7,Leasehold,128.001
MAPLEWOODS,1.80E+06,2012,8,Freehold,128.001
TRIBECA,1.90E+06,2009,1,Freehold,128.001
THE EQUATORIAL,2.10E+06,2009,7,Freehold,128.001
TRIBECA,2.60E+06,2014,9,Freehold,128.001
QUINTERRA,1.00E+06,2009,3,Leasehold,129.001
SIGNATURE PARK,1.40E+06,2017,5,Freehold,129.001
THE SHELFORD,1.60E+06,2011,6,Freehold,129.001
VISTA RESIDENCES,1.90E+06,2013,3,Freehold,129.001
LEONIE HILL RESIDENCES,2.60E+06,2012,8,Freehold,129.001
PEARL BANK APARTMENT,913640,2009,5,Leasehold,130.001
SANCTUARY GREEN,1.00E+06,2009,4,Leasehold,130.001
COSTA RHU,1.10E+06,2011,6,Leasehold,130.001
SIGNATURE PARK,1.30E+06,2012,6,Freehold,130.001
TANJONG RIA CONDOMINIUM,1.40E+06,2013,1,Leasehold,130.001
THE ARTE,1.50E+06,2011,5,Freehold,130.001
SANCTUARY GREEN,1.50E+06,2013,5,Leasehold,130.001
SANCTUARY GREEN,1.70E+06,2016,4,Leasehold,130.001
MAPLEWOODS,1.90E+06,2018,5,Freehold,130.001
ROSEVALE,2.20E+06,2014,8,Freehold,130.001
D'LEEDON,2.40E+06,2015,3,Leasehold,130.001
THE GLYNDEBOURNE,2.70E+06,2012,11,Freehold,130.001
THE TRILLIUM,3.00E+06,2013,8,Freehold,130.001
CHESTERVALE,623640,2012,6,Leasehold,131.001
HILLBROOKS,893640,2011,12,Freehold,131.001
QUINTERRA,1.10E+06,2009,3,Leasehold,131.001
TREE HOUSE,1.20E+06,2012,5,Leasehold,131.001
THE PARK VALE,1.50E+06,2011,9,Leasehold,131.001
THE LINCOLN MODERN,1.80E+06,2011,8,Freehold,131.001
VISTA RESIDENCES,1.90E+06,2012,7,Freehold,131.001
THE TESSARINA,2.10E+06,2014,5,Freehold,131.001
LEONIE HILL RESIDENCES,2.50E+06,2010,8,Freehold,131.001
BUCKLEY CLASSIQUE,3.10E+06,2013,8,Freehold,131.001
RACE COURSE MANSION,883639,2009,6,Freehold,132.001
THE RAINFOREST,1.00E+06,2014,3,Leasehold,132.001
SHERWOOD TOWER,1.30E+06,2015,4,Leasehold,132.001
1 KING ALBERT PARK,1.50E+06,2009,7,Freehold,132.001
SIGNATURE PARK,1.60E+06,2015,9,Freehold,132.001
KIM SIA COURT,1.90E+06,2009,2,Freehold,132.001
WATERFORD RESIDENCE,2.00E+06,2009,6,Leasehold,132.001
WATERFORD RESIDENCE,2.10E+06,2009,2,Leasehold,132.001
THE CASCADIA,2.30E+06,2009,9,Freehold,132.001
THE PATERSON,2.60E+06,2009,3,Freehold,132.001
CHESTERVALE,703638,2009,10,Leasehold,133.001
PALM GARDENS,1.20E+06,2017,10,Leasehold,133.001
THE LINCOLN RESIDENCES,1.60E+06,2011,5,Freehold,133.001
SOPHIA RESIDENCE,2.20E+06,2011,9,Freehold,133.001
RIVERIA GARDENS,2.70E+06,2012,6,Freehold,133.001
THE VERMONT ON CAIRNHILL,3.60E+06,2014,9,Freehold,133.001
VILLA AZURA,1.40E+06,2012,3,Freehold,134.001
PARK INFINIA AT WEE NAM,1.90E+06,2009,6,Freehold,134.001
SHELFORD SUITES,2.30E+06,2010,7,Freehold,134.001
CUSCADEN RESIDENCES,2.70E+06,2009,2,Freehold,134.001
CITYLIGHTS,3.30E+06,2009,7,Freehold,134.001
ORCHARD COURT,1.40E+06,2010,3,Leasehold,135.001
ORCHARD COURT,1.90E+06,2012,5,Leasehold,135.001
SOLEIL @ SINARAN,2.20E+06,2009,9,Leasehold,135.001
HOLLAND RESIDENCES,2.50E+06,2012,3,Freehold,135.001
GOODWILL MANSION,948637,2009,7,Freehold,136.001
THE SKYWOODS,1.80E+06,2015,12,Leasehold,136.001
MELROSE PARK,2.20E+06,2012,1,Leasehold,136.001
MADISON RESIDENCES,2.50E+06,2011,9,Freehold,136.001
DUCHESS RESIDENCES,2.80E+06,2009,8,Leasehold,136.001
BLOSSOM RESIDENCES,887636,2013,9,Leasehold,137.001
STURDEE VIEW,1.40E+06,2012,4,Freehold,137.001
PROXIMO,1.80E+06,2009,5,Freehold,137.001
CUBE 8,2.10E+06,2017,11,Freehold,137.001
D'LEEDON,2.60E+06,2017,5,Leasehold,137.001
THE GLYNDEBOURNE,3.30E+06,2012,11,Freehold,137.001
SHERWOOD TOWER,1.10E+06,2014,5,Leasehold,138.001
PAVILION 11,1.30E+06,2009,4,Freehold,138.001
PAVILION 11,1.40E+06,2009,4,Freehold,138.001
THE LEGEND,1.50E+06,2009,5,Freehold,138.001
SOLEIL @ SINARAN,1.80E+06,2009,9,Leasehold,138.001
PAVILION 11,2.10E+06,2013,4,Freehold,138.001
PAVILION 11,2.30E+06,2014,12,Freehold,138.001
ADRIA,2.80E+06,2013,8,Freehold,138.001
CUSCADEN RESIDENCES,3.30E+06,2009,5,Freehold,138.001
REGENT HEIGHTS,993635,2012,9,Leasehold,139.001
SOUTHAVEN II,1.20E+06,2011,8,Leasehold,139.001
THE STERLING,1.60E+06,2012,1,Freehold,139.001
D'LEEDON,2.00E+06,2015,2,Leasehold,139.001
D'LEEDON,2.20E+06,2015,1,Leasehold,139.001
RIVERGATE,2.40E+06,2009,3,Freehold,139.001
PATERSON RESIDENCE,3.00E+06,2011,11,Freehold,139.001
GLENDALE PARK,1.00E+06,2009,9,Freehold,140.001
CITY SQUARE RESIDENCES,1.40E+06,2012,1,Freehold,140.001
THE SERENADE @ HOLLAND,1.80E+06,2014,5,Leasehold,140.001
THE CASCADIA,2.20E+06,2012,6,Freehold,140.001
RIVERGATE,2.40E+06,2009,2,Freehold,140.001
RIVERGATE,2.80E+06,2012,10,Freehold,140.001
ST REGIS RESIDENCES SINGAPORE,3.80E+06,2011,7,Leasehold,140.001
SHERWOOD TOWER,1.10E+06,2013,11,Leasehold,141.001
BLISSFUL VIEW,1.50E+06,2011,8,Freehold,141.001
CITY SQUARE RESIDENCES,2.00E+06,2013,2,Freehold,141.001
VIVA,2.50E+06,2011,9,Freehold,141.001
GUILIN VIEW,1.00E+06,2009,10,Leasehold,142.001
GUILIN VIEW,1.30E+06,2014,7,Leasehold,142.001
THE ARTE,1.40E+06,2011,4,Freehold,142.001
HILLINGTON GREEN,1.60E+06,2017,5,Leasehold,142.001
PACIFIC MANSION,1.90E+06,2009,4,Freehold,142.001
RIVERGATE,2.30E+06,2009,5,Freehold,142.001
ST MARTIN RESIDENCE,2.80E+06,2009,3,Freehold,142.001
CAIRNHILL NINE,3.80E+06,2018,3,Leasehold,142.001
SHERWOOD TOWER,1.00E+06,2013,1,Leasehold,143.001
SYMPHONY HEIGHTS,1.40E+06,2012,9,Freehold,143.001
NEWTON 21,1.80E+06,2011,1,Freehold,143.001
RESIDENCES @ EVELYN,2.30E+06,2009,1,Freehold,143.001
RESIDENCES @ EVELYN,2.70E+06,2014,3,Freehold,143.001
MAYSPRINGS,818632,2010,8,Leasehold,144.001
MAYSPRINGS,1.30E+06,2015,1,Leasehold,144.001
CAVENAGH GARDENS,1.80E+06,2012,7,Freehold,144.001
LUCKY PLAZA,2.20E+06,2009,3,Freehold,144.001
RIVERGATE,2.90E+06,2012,12,Freehold,144.001
RICHMOND PARK,4.10E+06,2016,8,Freehold,144.001
WATER PLACE,1.40E+06,2011,3,Leasehold,145.001
WATER PLACE,1.80E+06,2009,4,Leasehold,145.001
UE SQUARE,2.20E+06,2013,6,Leasehold,145.001
LINCOLN SUITES,3.00E+06,2012,2,Freehold,145.001
GUILIN VIEW,1.00E+06,2012,9,Leasehold,146.001
THE DAIRY FARM,1.70E+06,2013,11,Freehold,146.001
GILSTEAD TWO,2.30E+06,2012,6,Freehold,146.001
HALLMARK RESIDENCES,3.00E+06,2016,3,Freehold,146.001
URBAN SUITES,4.00E+06,2012,2,Freehold,146.001
HILLVIEW GREEN,1.40E+06,2013,7,Leasehold,147.001
CASA NOVACREST,1.80E+06,2010,2,Freehold,147.001
ASPEN HEIGHTS,2.30E+06,2017,6,Leasehold,147.001
RIVER PLACE,2.60E+06,2016,3,Leasehold,147.001
ENG HOON MANSIONS,1.10E+06,2012,11,Freehold,148.001
JALAN BESAR PLAZA,1.70E+06,2015,4,Freehold,148.001
ASPEN HEIGHTS,2.40E+06,2018,4,Leasehold,148.001
MARINA BAY SUITES,3.70E+06,2011,12,Leasehold,148.001
FIFTH AVENUE CONDOMINIUM,1.50E+06,2009,2,Freehold,149.001
SHELFORD SUITES,2.20E+06,2012,8,Freehold,149.001
RIVERGATE,2.60E+06,2009,3,Freehold,149.001
OUE TWIN PEAKS,4.00E+06,2018,5,Leasehold,149.001
HILLVIEW GREEN,1.20E+06,2012,12,Leasehold,150.001
ONE TREE HILL MANSIONS,1.90E+06,2014,3,Leasehold,150.001
MIRO,2.30E+06,2011,6,Freehold,150.001
DUO RESIDENCES,3.10E+06,2015,12,Leasehold,150.001
URBAN SUITES,4.10E+06,2012,1,Freehold,150.001
THE ARTE,1.40E+06,2011,4,Freehold,151.001
THE MEZZO,1.70E+06,2015,3,Freehold,151.001
DUKES RESIDENCE,2.50E+06,2012,6,Freehold,151.001
MARINA BAY SUITES,4.00E+06,2013,11,Leasehold,151.001
BALESTIER POINT,1.40E+06,2016,4,Freehold,152.001
THE EQUATORIAL,2.20E+06,2013,2,Freehold,152.001
THREE THREE ROBIN,3.30E+06,2016,10,Freehold,152.001
CASHEW HEIGHTS CONDOMINIUM,1.20E+06,2012,1,Leasehold,153.001
CASHEW HEIGHTS CONDOMINIUM,1.50E+06,2014,3,Leasehold,153.001
COSTA RHU,1.80E+06,2009,12,Leasehold,153.001
SOMMERVILLE PARK,2.50E+06,2017,11,Freehold,153.001
CITYLIGHTS,794906,2009,5,Freehold,154.001
CASHEW HEIGHTS CONDOMINIUM,1.20E+06,2011,10,Leasehold,154.001
CASHEW HEIGHTS CONDOMINIUM,1.60E+06,2017,12,Leasehold,154.001
CASHEW HEIGHTS CONDOMINIUM,1.80E+06,2015,8,Leasehold,154.001
FLORIDIAN,2.30E+06,2011,12,Freehold,154.001
JIA,2.70E+06,2010,7,Freehold,154.001
PATERSON RESIDENCE,4.10E+06,2015,5,Freehold,154.001
GLENDALE PARK,1.60E+06,2013,1,Freehold,155.001
FLORIDIAN,2.30E+06,2011,8,Freehold,155.001
THE HOLLAND COLLECTION,3.80E+06,2012,4,Freehold,155.001
GREEN LODGE,1.30E+06,2012,5,Freehold,156.001
BELLERIVE,2.40E+06,2011,5,Freehold,156.001
THE COSMOPOLITAN,3.00E+06,2011,8,Freehold,156.001
PATERSON SUITES,4.40E+06,2012,12,Freehold,156.001
SIGNATURE PARK,1.50E+06,2012,8,Freehold,157.001
D'LEEDON,2.60E+06,2015,4,Leasehold,157.001
MERALODGE,1.00E+06,2009,6,Freehold,158.001
SIGNATURE PARK,1.60E+06,2010,4,Freehold,158.001
VALLEY PARK,2.00E+06,2009,3,Leasehold,158.001
VALLEY PARK,2.40E+06,2010,4,Leasehold,158.001
PARVIS,2.60E+06,2011,12,Freehold,158.001
VALLEY PARK,2.70E+06,2016,10,Leasehold,158.001
PARVIS,3.20E+06,2016,5,Freehold,158.001
HILLCREST ARCADIA,1.10E+06,2009,4,Leasehold,159.001
HILLCREST ARCADIA,1.70E+06,2014,11,Leasehold,159.001
SANCTUARY GREEN,2.10E+06,2017,6,Leasehold,159.001
D'LEEDON,2.70E+06,2015,3,Leasehold,159.001
GREEN LODGE,833622,2009,1,Freehold,160.001
HUME PARK II,1.60E+06,2013,5,Freehold,160.001
SOLEIL @ SINARAN,2.20E+06,2009,8,Leasehold,160.001
MARTIN PLACE RESIDENCES,2.40E+06,2011,6,Freehold,160.001
MARTIN PLACE RESIDENCES,2.50E+06,2011,6,Freehold,160.001
368 THOMSON,2.70E+06,2017,9,Freehold,160.001
MARTIN PLACE RESIDENCES,3.20E+06,2018,3,Freehold,160.001
DUO RESIDENCES,4.20E+06,2016,3,Leasehold,160.001
CHANTILLY RISE,1.90E+06,2015,6,Freehold,161.001
LEONIE GARDENS,2.70E+06,2009,5,Leasehold,161.001
THE SUITES AT CENTRAL,3.20E+06,2009,6,Freehold,161.001
CAIRNHILL CREST,3.60E+06,2009,5,Freehold,161.001
CAIRNHILL CREST,4.10E+06,2009,6,Freehold,161.001
DUCHESS CREST,1.70E+06,2009,7,Leasehold,162.001
PARK NATURA,2.00E+06,2017,3,Freehold,162.001
DUET,2.70E+06,2014,9,Freehold,162.001
SCOTTS HIGHPARK,3.80E+06,2009,5,Freehold,162.001
SHERWOOD TOWER,1.20E+06,2013,10,Leasehold,163.001
HILLINGTON GREEN,1.60E+06,2012,10,Leasehold,163.001
SHELFORD 23,2.20E+06,2011,7,Freehold,163.001
D'LEEDON,2.80E+06,2015,5,Leasehold,163.001
THE LUMOS,5.50E+06,2009,8,Freehold,163.001
THE PETALS,1.70E+06,2013,11,Freehold,164.001
TRIBECA,2.70E+06,2009,2,Freehold,164.001
CITYLIGHTS,884619,2009,6,Freehold,165.001
THE HILLSIDE,1.80E+06,2013,6,Freehold,165.001
CASABELLA,2.40E+06,2012,8,Freehold,165.001
GOODWOOD GARDENS,3.00E+06,2011,8,Freehold,165.001
ARDMORE THREE,5.80E+06,2018,5,Freehold,165.001
THE SERENADE @ HOLLAND,1.70E+06,2012,2,Leasehold,166.001
MAPLEWOODS,2.20E+06,2009,7,Freehold,166.001
JARDIN,3.40E+06,2009,12,Freehold,166.001
BLOSSOM RESIDENCES,1.20E+06,2014,5,Leasehold,167.001
CLEMENTI PARK,1.90E+06,2012,7,Freehold,167.001
RIVERGATE,3.00E+06,2009,1,Freehold,167.001
THE TRILLIUM,3.50E+06,2009,4,Freehold,167.001
CENTRAL GREEN CONDOMINIUM,1.50E+06,2009,4,Leasehold,168.001
NEWTON ONE,3.20E+06,2014,9,Freehold,168.001
THE ORCHARD RESIDENCES,6.60E+06,2009,4,Leasehold,168.001
TERRENE AT BUKIT TIMAH,2.20E+06,2012,7,Leasehold,169.001
ST THOMAS SUITES,3.10E+06,2009,3,Freehold,169.001
ST THOMAS SUITES,3.70E+06,2009,4,Freehold,169.001
SHERWOOD TOWER,1.00E+06,2012,8,Leasehold,170.001
PALM SPRING,2.40E+06,2012,8,Freehold,170.001
WATERFALL GARDENS,2.70E+06,2009,4,Freehold,170.001
CAIRNHILL ASTORIA,3.20E+06,2014,11,Freehold,170.001
COSTA RHU,1.60E+06,2011,6,Leasehold,171.001
COSTA RHU,2.40E+06,2017,3,Leasehold,171.001
VIVA,2.90E+06,2011,9,Freehold,171.001
FERRELL RESIDENCES,3.50E+06,2011,10,Freehold,171.001
DYNASTY LODGE,1.10E+06,2009,1,Freehold,172.001
FLORIDIAN,3.30E+06,2013,6,Freehold,172.001
THE BEVERLY,1.80E+06,2011,8,Freehold,173.001
ROCHELLE AT NEWTON,2.80E+06,2014,5,Leasehold,173.001
THE PETALS,963614,2009,3,Freehold,174.001
CLEMENTI PARK,1.70E+06,2012,2,Freehold,174.001
THE ARTE,1.90E+06,2011,5,Freehold,174.001
THE ARTE,2.20E+06,2015,5,Freehold,174.001
MAYFAIR GARDENS,783613,2009,1,Leasehold,175.001
DUCHESS CREST,2.30E+06,2017,8,Leasehold,175.001
THE VERMONT ON CAIRNHILL,4.20E+06,2013,3,Freehold,175.001
RIVER PLACE,2.10E+06,2009,5,Leasehold,176.001
PEBBLE BAY,2.50E+06,2012,7,Leasehold,176.001
FERNHILL COTTAGE,2.90E+06,2014,7,Freehold,176.001
MANDALE HEIGHTS,1.50E+06,2009,3,Freehold,177.001
BALMORAL 8,2.80E+06,2009,4,Freehold,177.001
MERALODGE,1.30E+06,2010,3,Freehold,178.001
21 ANDERSON ROYAL OAK RESIDENCE,3.00E+06,2009,1,Freehold,178.001
HELIOS RESIDENCES,5.80E+06,2009,7,Freehold,178.001
THE TRESOR,3.70E+06,2013,11,Leasehold,179.001
MERA WOODS,1.60E+06,2009,11,Leasehold,180.001
KISMIS COURT,683610,2009,5,Leasehold,181.001
SOPHIA RESIDENCE,2.40E+06,2011,8,Freehold,181.001
SOMMERVILLE PARK,3.40E+06,2015,7,Freehold,181.001
ALLSWORTH PARK,2.10E+06,2009,4,Leasehold,182.001
VIVA,3.10E+06,2011,8,Freehold,182.001
CYAN,4.90E+06,2012,3,Freehold,182.001
ORCHARD TOWERS,2.30E+06,2009,5,Freehold,183.001
GOODWOOD RESIDENCE,4.40E+06,2017,8,Freehold,183.001
VILLA AZURA,2.00E+06,2009,9,Freehold,184.001
CAIRNHILL CREST,3.60E+06,2011,8,Freehold,184.001
VIVA,2.90E+06,2011,9,Freehold,185.001
PARVIS,3.10E+06,2012,4,Freehold,185.001
MARTIN PLACE RESIDENCES,2.70E+06,2011,6,Freehold,186.001
MARTIN PLACE RESIDENCES,4.10E+06,2015,12,Freehold,186.001
NICON GARDENS,981606,2014,1,Leasehold,187.001
PARVIS,3.10E+06,2012,1,Freehold,187.001
ST THOMAS SUITES,3.70E+06,2016,11,Freehold,187.001
THE PROMONT,4.20E+06,2013,9,Freehold,187.001
8 NAPIER,7.10E+06,2009,12,Freehold,187.001
D'LEEDON,2.90E+06,2015,4,Leasehold,188.001
THE LIGHT @ CAIRNHILL,5.50E+06,2012,10,Freehold,188.001
PALM SPRING,2.70E+06,2014,3,Freehold,189.001
THE BOULEVARD RESIDENCE,6.00E+06,2009,6,Freehold,189.001
ASTRID MEADOWS,3.50E+06,2017,5,Freehold,190.001
GREEN LODGE,1.50E+06,2012,8,Freehold,191.002
COSTA RHU,2.40E+06,2013,8,Leasehold,191.002
PARK NATURA,1.90E+06,2009,12,Freehold,192.002
MARINA BAY SUITES,5.50E+06,2012,5,Leasehold,192.002
THE PROMONT,4.50E+06,2012,2,Freehold,193.002
DUCHESS CREST,2.30E+06,2014,6,Leasehold,194.002
CUSCADEN RESIDENCES,4.90E+06,2011,9,Freehold,194.002
TRILIGHT,3.80E+06,2014,10,Freehold,195.002
RIVER PLACE,2.30E+06,2010,7,Leasehold,196.002
LEEDON RESIDENCE,3.90E+06,2014,9,Freehold,196.002
VILLA AZURA,2.10E+06,2011,9,Freehold,197.002
CITYVISTA RESIDENCES,5.20E+06,2009,7,Freehold,197.002
URBAN RESORT CONDOMINIUM,6.60E+06,2013,4,Freehold,197.002
LA SUISSE,2.30E+06,2013,3,Leasehold,198.002
LEEDON RESIDENCE,4.10E+06,2016,9,Freehold,198.002
THE EDGE ON CAIRNHILL,4.60E+06,2015,11,Freehold,198.002
CHIVERTON,2.00E+06,2011,6,Freehold,199.002
ST REGIS RESIDENCES SINGAPORE,5.30E+06,2012,3,Leasehold,199.002
ST REGIS RESIDENCES SINGAPORE,5.70E+06,2012,5,Leasehold,200.002
COSTA RHU,1.80E+06,2011,4,Leasehold,201.002
THE RAINFOREST,1.40E+06,2014,4,Leasehold,202.002
VOLARI,4.80E+06,2011,8,Freehold,202.002
HOLLAND HILL LODGE,1.80E+06,2012,7,Freehold,203.002
THE WILSHIRE,2.40E+06,2009,5,Freehold,204.002
WATERFALL GARDENS,3.50E+06,2009,2,Freehold,204.002
SIXTH AVENUE VILLE,1.70E+06,2011,7,Freehold,205.002
COSTA RHU,2.70E+06,2013,2,Leasehold,206.002
THE TRILLIUM,3.80E+06,2009,4,Freehold,206.002
WATER PLACE,3.40E+06,2014,5,Leasehold,207.002
VERDURE,2.90E+06,2011,5,Freehold,208.002
RESIDENCES @ EVELYN,3.00E+06,2009,2,Freehold,209.002
ORANGE GROVE RESIDENCES,4.60E+06,2009,2,Freehold,209.002
PEARL BANK APARTMENT,2.50E+06,2009,8,Leasehold,210.002
NASSIM JADE,5.40E+06,2013,12,Freehold,210.002
BELLE VUE RESIDENCES,5.70E+06,2012,12,Freehold,211.002
VOLARI,4.60E+06,2011,8,Freehold,212.002
CAIRNHILL PLAZA,3.60E+06,2009,5,Freehold,213.002
BELLE VUE RESIDENCES,4.30E+06,2011,6,Freehold,214.002
PEBBLE BAY,2.60E+06,2013,5,Leasehold,215.002
NASSIM JADE,5.00E+06,2013,2,Freehold,216.002
MINBU VILLA,2.60E+06,2015,10,Freehold,217.002
TRILIGHT,4.20E+06,2012,9,Freehold,217.002
CHANCERY PARK,2.90E+06,2012,3,Freehold,218.002
FLORIDIAN,4.40E+06,2013,1,Freehold,219.002
HORIZON TOWER,3.10E+06,2012,6,Leasehold,220.002
HORIZON TOWER,2.40E+06,2011,10,Leasehold,221.002
THE TRILLIUM,4.20E+06,2009,5,Freehold,222.002
ONE DEVONSHIRE,4.40E+06,2011,7,Freehold,223.002
111 EMERALD HILL,5.60E+06,2016,1,Freehold,224.002
VENTUNO BALMORAL,4.10E+06,2014,5,Freehold,226.002
ZENITH,2.80E+06,2012,4,Leasehold,228.002
LA SUISSE,2.20E+06,2012,4,Leasehold,229.002
HILLCREST ARCADIA,2.00E+06,2011,8,Leasehold,231.002
CLEMENTI PARK,1.80E+06,2009,3,Freehold,232.002
PANDAN VALLEY,2.10E+06,2011,12,Freehold,233.002
GOODWOOD RESIDENCE,6.60E+06,2017,6,Freehold,233.002
ORCHARD VIEW,5.90E+06,2014,8,Freehold,235.002
LEONIE GARDENS,2.70E+06,2009,2,Leasehold,236.002
MIRAGE TOWER,3.50E+06,2009,5,Freehold,237.002
IRIDIUM,3.30E+06,2015,3,Freehold,239.002
WATERFALL GARDENS,3.60E+06,2009,2,Freehold,240.002
GRANGE RESIDENCES,7.00E+06,2014,12,Freehold,240.002
PEACE CENTRE/MANSIONS,1.90E+06,2013,11,Leasehold,242.002
ST THOMAS SUITES,4.70E+06,2009,5,Freehold,242.002
THE TRESOR,3.10E+06,2009,1,Leasehold,243.002
PEBBLE BAY,3.40E+06,2012,9,Leasehold,244.002
CITYVISTA RESIDENCES,6.80E+06,2009,7,Freehold,244.002
NEWTON VIEW,2.90E+06,2009,5,Freehold,246.002
SKYPARK,5.40E+06,2013,8,Freehold,246.002
LEEDON RESIDENCE,6.30E+06,2018,4,Freehold,247.002
LEEDON RESIDENCE,5.30E+06,2017,12,Freehold,248.002
SOMMERVILLE PARK,4.40E+06,2014,10,Freehold,249.002
MARINA BAY SUITES,7.10E+06,2011,12,Leasehold,249.002
THE ORANGE GROVE,6.30E+06,2011,8,Freehold,250.002
D'GROVE VILLAS,4.70E+06,2011,11,Freehold,251.002
THE BEVERLY,2.00E+06,2011,8,Freehold,254.002
GALLOP GABLES,3.30E+06,2011,4,Freehold,255.002
DUCHESS RESIDENCES,5.10E+06,2009,8,Leasehold,256.002
PEBBLE BAY,3.10E+06,2009,3,Leasehold,257.002
PARVIS,5.10E+06,2017,1,Freehold,259.002
CAIRNHILL PLAZA,4.20E+06,2010,8,Freehold,262.002
CLIVEDEN AT GRANGE,9.90E+06,2009,12,Freehold,264.002
GRANGE RESIDENCES,7.60E+06,2016,8,Freehold,265.002
GALLOP GABLES,3.60E+06,2011,4,Freehold,266.002
FOUR SEASONS PARK,8.40E+06,2013,11,Freehold,267.002
ARDMORE PARK,6.90E+06,2011,7,Freehold,268.002
ARDMORE PARK,8.30E+06,2016,11,Freehold,268.002
ARDMORE PARK,9.40E+06,2012,8,Freehold,268.002
DRAYCOTT EIGHT,7.10E+06,2012,3,Leasehold,269.002
DRAYCOTT EIGHT,7.60E+06,2009,12,Leasehold,270.002
HIGH POINT,4.00E+06,2011,11,Freehold,272.002
WATTEN RESIDENCES,2.90E+06,2011,7,Freehold,274.002
DUCHESS RESIDENCES,4.70E+06,2009,8,Leasehold,276.002
GALLOP GREEN,4.30E+06,2011,7,Freehold,278.002
THE GREENWOOD,3.10E+06,2013,5,Leasehold,280.002
HILLCREST VILLA,2.90E+06,2016,7,Leasehold,282.002
GILSTEAD BROOKS,3.20E+06,2012,10,Freehold,285.002
HILLCREST VILLA,2.60E+06,2009,10,Leasehold,287.002
HILLCREST VILLA,3.30E+06,2012,8,Leasehold,287.002
HILLCREST VILLA,2.80E+06,2009,10,Leasehold,289.002
THE TENERIFFE,2.90E+06,2014,12,Leasehold,290.002
HILLCREST VILLA,2.60E+06,2009,10,Leasehold,293.002
HILLCREST VILLA,3.00E+06,2009,10,Leasehold,293.002
BALMORAL HILLS,4.40E+06,2009,5,Freehold,294.002
THE BEVERLY,2.90E+06,2013,12,Freehold,296.002
MADISON RESIDENCES,5.60E+06,2011,9,Freehold,299.002
PARVIS,4.80E+06,2012,4,Freehold,300.002
THE TATE RESIDENCES,7.60E+06,2015,7,Freehold,301.002
SUNCOTTAGES,2.90E+06,2013,6,Leasehold,304.002
CAIRNHILL PLAZA,5.50E+06,2015,10,Freehold,307.002
SKYPARK,6.10E+06,2014,1,Freehold,311.002
THE TENERIFFE,2.90E+06,2014,2,Leasehold,314.002
GALLOP GABLES,4.10E+06,2011,5,Freehold,317.003
THE ARCADIA,4.20E+06,2017,5,Leasehold,322.003
WING ON LIFE GARDEN,4.60E+06,2012,1,Freehold,325.003
THE BOTANIC ON LLOYD,6.30E+06,2012,1,Freehold,329.003
LEONIE GARDENS,6.00E+06,2009,6,Leasehold,336.003
ELEVEN @ HOLLAND,4.00E+06,2013,8,Leasehold,344.003
THE ARCADIA,4.20E+06,2016,1,Leasehold,347.003
BINJAI CREST,2.10E+06,2009,5,Leasehold,351.003
THE ARCADIA,4.00E+06,2016,8,Leasehold,351.003
THE ARCADIA,3.00E+06,2011,5,Leasehold,355.003
1 MOULMEIN RISE,4.90E+06,2014,5,Freehold,361.003
VILLAS @ GILSTEAD,3.90E+06,2010,5,Freehold,369.003
MADISON RESIDENCES,6.90E+06,2012,11,Freehold,376.003
ILLOURA,4.30E+06,2009,8,Freehold,388.003
HONG KONG PARK,4.60E+06,2012,6,Leasehold,393.003
ILLOURA,5.40E+06,2009,11,Freehold,407.003
LORNIE 18,5.00E+06,2014,6,Freehold,422.003
VENTURA HEIGHTS,3.00E+06,2011,6,Freehold,432.003
URBAN RESORT CONDOMINIUM,8.60E+06,2018,2,Freehold,438.003
PALMS @ SIXTH AVENUE,5.40E+06,2017,8,Freehold,451.004
LEEDON RESIDENCE,7.20E+06,2014,10,Freehold,466.004
ESTRIVILLAS,3.60E+06,2011,12,Freehold,485.004